venta_id,producto_id,cantidad,precio_unitario_eur,precio_total_eur,tienda
590,54,3,66.24,198.72,Tienda3
220,249,1,112.56,112.56,Tienda1
298,54,1,66.24,66.24,Tienda4
713,44,3,110.0,330.0,Tienda2
594,13,3,58.14,174.42,Tienda3
141,234,2,21.78,43.56,Tienda1
450,209,1,113.25,113.25,Tienda3
403,126,2,65.39,130.78,Tienda3
512,135,3,56.13,168.39,Tienda4
709,9,2,108.22,216.44,Tienda4
640,232,3,96.15,288.45,Tienda2
396,29,1,55.28,55.28,Tienda1
547,211,3,58.63,175.89,Tienda5
481,5,1,16.67,16.67,Tienda4
536,26,3,114.88,344.64,Tienda4
716,9,2,108.22,216.44,Tienda3
793,107,2,39.53,79.06,Tienda2
754,231,3,59.23,177.69,Tienda4
420,240,1,24.43,24.43,Tienda2
238,105,1,68.99,68.99,Tienda5
660,58,3,10.68,32.04,Tienda4
32,238,2,64.61,129.22,Tienda2
67,26,3,114.88,344.64,Tienda4
17,192,2,71.05,142.1,Tienda5
565,165,2,81.34,162.68,Tienda5
13,29,1,55.28,55.28,Tienda5
462,196,2,117.49,234.98,Tienda1
585,35,1,44.7,44.7,Tienda4
497,69,3,12.14,36.42,Tienda4
793,20,1,15.88,15.88,Tienda2
292,212,2,51.77,103.54,Tienda1
731,21,1,93.95,93.95,Tienda2
636,161,2,23.94,47.88,Tienda4
698,80,3,96.65,289.95,Tienda1
688,74,2,55.56,111.12,Tienda2
73,211,3,58.63,175.89,Tienda5
394,20,2,15.88,31.76,Tienda3
643,45,3,25.28,75.84,Tienda1
43,117,3,59.38,178.14,Tienda2
753,129,2,31.71,63.42,Tienda4
287,236,1,38.35,38.35,Tienda3
563,185,1,20.57,20.57,Tienda1
166,164,1,112.93,112.93,Tienda2
337,50,3,118.46,355.38,Tienda3
115,38,2,45.07,90.14,Tienda3
388,173,1,72.14,72.14,Tienda3
368,71,1,108.2,108.2,Tienda5
559,176,1,58.91,58.91,Tienda1
544,1,3,91.77,275.31,Tienda5
278,126,1,65.39,65.39,Tienda5
7,159,1,88.74,88.74,Tienda4
562,109,2,62.31,124.62,Tienda5
347,23,2,48.31,96.62,Tienda4
416,71,1,108.2,108.2,Tienda3
682,60,2,66.98,133.96,Tienda5
4,159,1,88.74,88.74,Tienda3
745,31,2,101.26,202.52,Tienda4
243,25,2,112.44,224.88,Tienda2
421,30,3,28.96,86.88,Tienda1
187,9,1,108.22,108.22,Tienda2
259,212,2,51.77,103.54,Tienda1
663,63,3,27.49,82.47,Tienda4
798,139,1,11.01,11.01,Tienda4
4,141,1,110.91,110.91,Tienda3
257,120,2,27.97,55.94,Tienda1
272,7,2,32.14,64.28,Tienda3
314,19,1,108.61,108.61,Tienda4
348,14,3,79.25,237.75,Tienda2
480,47,1,117.4,117.4,Tienda3
160,60,3,66.98,200.94,Tienda2
728,221,1,83.93,83.93,Tienda3
474,80,3,96.65,289.95,Tienda2
720,209,3,113.25,339.75,Tienda3
785,156,2,114.69,229.38,Tienda1
730,210,1,61.31,61.31,Tienda4
665,74,2,55.56,111.12,Tienda4
187,212,1,51.77,51.77,Tienda2
231,241,3,100.84,302.52,Tienda1
589,218,2,70.07,140.14,Tienda4
308,215,2,28.69,57.38,Tienda2
602,118,1,21.15,21.15,Tienda1
758,18,3,47.85,143.55,Tienda5
721,63,3,27.49,82.47,Tienda2
769,170,3,108.27,324.81,Tienda3
244,45,2,25.28,50.56,Tienda2
66,239,2,85.4,170.8,Tienda1
547,194,2,20.61,41.22,Tienda5
730,202,1,90.56,90.56,Tienda4
774,138,2,24.81,49.62,Tienda5
398,72,3,31.85,95.55,Tienda3
311,140,2,73.9,147.8,Tienda2
632,224,1,89.91,89.91,Tienda1
82,63,1,27.49,27.49,Tienda5
238,205,2,101.39,202.78,Tienda5
236,53,1,50.47,50.47,Tienda5
680,130,3,118.19,354.57,Tienda1
87,246,1,80.83,80.83,Tienda1
157,53,2,50.47,100.94,Tienda1
512,130,3,118.19,354.57,Tienda4
583,142,2,118.79,237.58,Tienda5
222,12,1,69.74,69.74,Tienda2
354,36,1,110.96,110.96,Tienda4
364,14,1,79.25,79.25,Tienda5
96,48,3,16.66,49.98,Tienda1
209,120,1,27.97,27.97,Tienda3
490,71,1,108.2,108.2,Tienda2
663,193,2,18.33,36.66,Tienda4
721,3,1,104.2,104.2,Tienda2
471,12,2,69.74,139.48,Tienda2
334,47,3,117.4,352.2,Tienda1
736,189,2,23.77,47.54,Tienda2
622,48,3,16.66,49.98,Tienda5
213,97,3,95.53,286.59,Tienda3
307,23,3,48.31,144.93,Tienda2
344,240,2,24.43,48.86,Tienda2
338,111,1,55.85,55.85,Tienda4
773,182,2,78.65,157.3,Tienda2
468,189,3,23.77,71.31,Tienda4
164,216,2,93.02,186.04,Tienda4
162,244,3,117.1,351.3,Tienda4
253,234,3,21.78,65.34,Tienda5
631,212,1,51.77,51.77,Tienda4
435,236,3,38.35,115.05,Tienda1
120,171,3,87.47,262.41,Tienda1
122,250,3,42.28,126.84,Tienda4
16,180,3,45.36,136.08,Tienda3
99,138,1,24.81,24.81,Tienda1
38,32,1,34.12,34.12,Tienda5
637,110,1,116.49,116.49,Tienda2
297,162,1,77.73,77.73,Tienda5
308,52,2,88.55,177.1,Tienda2
146,197,1,94.42,94.42,Tienda3
277,46,2,83.62,167.24,Tienda2
346,152,2,34.6,69.2,Tienda1
329,89,1,45.96,45.96,Tienda3
552,236,1,38.35,38.35,Tienda3
309,77,2,49.46,98.92,Tienda4
500,37,1,78.65,78.65,Tienda5
80,13,1,58.14,58.14,Tienda4
542,2,1,64.14,64.14,Tienda1
506,178,1,109.54,109.54,Tienda1
42,126,3,65.39,196.17,Tienda2
657,48,1,16.66,16.66,Tienda4
493,79,3,74.6,223.8,Tienda5
772,130,3,118.19,354.57,Tienda4
395,163,3,14.82,44.46,Tienda5
169,95,3,115.82,347.46,Tienda4
131,33,1,40.26,40.26,Tienda4
397,19,3,108.61,325.83,Tienda3
3,55,3,63.53,190.59,Tienda5
529,192,2,71.05,142.1,Tienda4
564,187,2,43.53,87.06,Tienda4
346,172,2,69.34,138.68,Tienda1
53,36,3,110.96,332.88,Tienda1
501,220,3,28.39,85.17,Tienda2
389,132,1,39.36,39.36,Tienda5
437,17,2,92.89,185.78,Tienda3
427,166,3,113.54,340.62,Tienda3
710,107,2,39.53,79.06,Tienda2
503,145,2,39.97,79.94,Tienda2
460,4,3,66.05,198.15,Tienda2
725,224,2,89.91,179.82,Tienda3
146,31,2,101.26,202.52,Tienda3
151,97,1,95.53,95.53,Tienda4
535,181,3,60.86,182.58,Tienda3
305,77,3,49.46,148.38,Tienda4
524,73,3,105.42,316.26,Tienda5
127,143,3,29.12,87.36,Tienda5
512,156,2,114.69,229.38,Tienda4
452,11,1,19.24,19.24,Tienda5
60,52,3,88.55,265.65,Tienda3
167,78,2,109.36,218.72,Tienda2
302,110,1,116.49,116.49,Tienda5
740,127,1,77.73,77.73,Tienda3
252,227,2,49.3,98.6,Tienda5
708,55,2,63.53,127.06,Tienda2
30,133,2,41.55,83.1,Tienda2
460,199,1,27.21,27.21,Tienda2
151,25,2,112.44,224.88,Tienda4
42,143,3,29.12,87.36,Tienda2
371,150,2,23.93,47.86,Tienda3
631,157,1,93.07,93.07,Tienda4
243,157,3,93.07,279.21,Tienda2
754,230,1,117.02,117.02,Tienda4
202,73,1,105.42,105.42,Tienda2
331,40,1,70.59,70.59,Tienda1
53,216,2,93.02,186.04,Tienda1
237,160,1,58.71,58.71,Tienda4
643,157,3,93.07,279.21,Tienda1
456,208,2,70.5,141.0,Tienda3
12,96,3,69.69,209.07,Tienda5
249,229,1,114.94,114.94,Tienda1
351,155,3,51.75,155.25,Tienda4
382,110,1,116.49,116.49,Tienda1
654,105,2,68.99,137.98,Tienda2
582,192,3,71.05,213.15,Tienda3
628,162,3,77.73,233.19,Tienda1
693,90,3,97.6,292.8,Tienda2
57,169,2,60.2,120.4,Tienda1
210,226,2,79.7,159.4,Tienda3
637,41,2,101.89,203.78,Tienda2
347,100,2,98.58,197.16,Tienda4
657,232,2,96.15,192.3,Tienda4
449,117,1,59.38,59.38,Tienda4
290,9,3,108.22,324.66,Tienda4
287,104,3,84.57,253.71,Tienda3
132,183,3,100.12,300.36,Tienda4
417,212,2,51.77,103.54,Tienda5
128,14,2,79.25,158.5,Tienda1
302,95,3,115.82,347.46,Tienda5
396,212,2,51.77,103.54,Tienda1
142,31,3,101.26,303.78,Tienda3
539,97,2,95.53,191.06,Tienda2
571,239,2,85.4,170.8,Tienda2
33,41,1,101.89,101.89,Tienda5
311,140,2,73.9,147.8,Tienda2
96,173,3,72.14,216.42,Tienda1
113,79,3,74.6,223.8,Tienda5
146,51,2,40.85,81.7,Tienda3
615,13,3,58.14,174.42,Tienda1
622,106,2,41.86,83.72,Tienda5
701,135,1,56.13,56.13,Tienda3
73,137,3,56.35,169.05,Tienda5
333,60,2,66.98,133.96,Tienda3
560,62,3,12.42,37.26,Tienda5
94,36,2,110.96,221.92,Tienda4
70,193,3,18.33,54.99,Tienda2
586,65,2,60.21,120.42,Tienda2
451,202,2,90.56,181.12,Tienda1
586,55,3,63.53,190.59,Tienda2
370,3,3,104.2,312.6,Tienda1
668,90,2,97.6,195.2,Tienda1
219,216,2,93.02,186.04,Tienda4
236,131,2,69.12,138.24,Tienda5
459,161,2,23.94,47.88,Tienda5
15,19,2,108.61,217.22,Tienda3
159,5,2,16.67,33.34,Tienda2
376,56,3,46.53,139.59,Tienda4
8,12,2,69.74,139.48,Tienda2
685,6,3,11.0,33.0,Tienda5
741,37,3,78.65,235.95,Tienda3
382,151,2,103.45,206.9,Tienda1
436,215,1,28.69,28.69,Tienda3
650,192,2,71.05,142.1,Tienda4
142,95,3,115.82,347.46,Tienda3
688,7,3,32.14,96.42,Tienda2
643,196,3,117.49,352.47,Tienda1
590,179,3,93.03,279.09,Tienda3
165,238,3,64.61,193.83,Tienda3
241,88,3,111.51,334.53,Tienda2
6,83,1,38.9,38.9,Tienda1
316,121,3,81.36,244.08,Tienda4
678,26,2,114.88,229.76,Tienda3
482,132,2,39.36,78.72,Tienda1
33,127,2,77.73,155.46,Tienda5
104,9,2,108.22,216.44,Tienda2
549,188,1,30.64,30.64,Tienda1
585,188,1,30.64,30.64,Tienda4
498,93,1,93.9,93.9,Tienda2
56,4,3,66.05,198.15,Tienda4
162,24,1,65.24,65.24,Tienda4
640,112,2,91.69,183.38,Tienda2
357,204,1,98.03,98.03,Tienda1
1,85,2,65.79,131.58,Tienda2
582,236,2,38.35,76.7,Tienda3
269,242,2,90.53,181.06,Tienda4
619,55,1,63.53,63.53,Tienda2
703,221,1,83.93,83.93,Tienda3
92,209,2,113.25,226.5,Tienda3
634,128,3,94.95,284.85,Tienda3
342,38,3,45.07,135.21,Tienda5
115,130,2,118.19,236.38,Tienda3
493,245,2,117.42,234.84,Tienda5
279,121,2,81.36,162.72,Tienda4
118,110,3,116.49,349.47,Tienda1
231,26,3,114.88,344.64,Tienda1
137,33,3,40.26,120.78,Tienda3
320,194,1,20.61,20.61,Tienda3
169,75,3,95.0,285.0,Tienda4
22,163,1,14.82,14.82,Tienda1
617,233,1,108.58,108.58,Tienda2
366,205,1,101.39,101.39,Tienda3
207,209,3,113.25,339.75,Tienda5
679,160,2,58.71,117.42,Tienda3
385,163,1,14.82,14.82,Tienda5
458,12,1,69.74,69.74,Tienda5
271,104,3,84.57,253.71,Tienda1
330,124,1,104.5,104.5,Tienda3
428,69,3,12.14,36.42,Tienda5
701,105,2,68.99,137.98,Tienda3
374,206,2,107.32,214.64,Tienda5
219,206,1,107.32,107.32,Tienda4
5,186,3,102.77,308.31,Tienda1
265,54,1,66.24,66.24,Tienda4
563,204,3,98.03,294.09,Tienda1
333,210,3,61.31,183.93,Tienda3
98,186,3,102.77,308.31,Tienda1
438,172,3,69.34,208.02,Tienda4
619,38,2,45.07,90.14,Tienda2
122,154,1,29.63,29.63,Tienda4
50,91,1,60.2,60.2,Tienda4
335,60,1,66.98,66.98,Tienda3
446,121,1,81.36,81.36,Tienda2
721,143,3,29.12,87.36,Tienda2
656,150,1,23.93,23.93,Tienda1
656,155,2,51.75,103.5,Tienda1
467,16,1,39.9,39.9,Tienda1
322,189,1,23.77,23.77,Tienda5
102,108,3,80.1,240.3,Tienda2
91,72,1,31.85,31.85,Tienda3
47,166,2,113.54,227.08,Tienda3
773,118,2,21.15,42.3,Tienda2
387,150,2,23.93,47.86,Tienda1
242,126,2,65.39,130.78,Tienda3
485,22,2,30.31,60.62,Tienda5
780,241,1,100.84,100.84,Tienda5
259,243,1,108.2,108.2,Tienda1
47,248,1,102.09,102.09,Tienda3
621,165,3,81.34,244.02,Tienda5
668,200,3,90.44,271.32,Tienda1
262,225,1,50.17,50.17,Tienda2
304,41,2,101.89,203.78,Tienda1
232,186,2,102.77,205.54,Tienda3
152,175,2,23.24,46.48,Tienda1
349,168,3,73.6,220.8,Tienda5
149,180,2,45.36,90.72,Tienda2
296,131,1,69.12,69.12,Tienda4
303,104,2,84.57,169.14,Tienda4
641,47,1,117.4,117.4,Tienda4
736,123,1,64.72,64.72,Tienda2
595,51,1,40.85,40.85,Tienda3
185,216,3,93.02,279.06,Tienda2
1,67,1,78.41,78.41,Tienda2
683,139,1,11.01,11.01,Tienda4
95,167,2,34.76,69.52,Tienda1
408,49,2,74.65,149.3,Tienda4
423,68,3,105.11,315.33,Tienda2
317,169,3,60.2,180.6,Tienda1
547,171,3,87.47,262.41,Tienda5
512,196,3,117.49,352.47,Tienda4
32,225,2,50.17,100.34,Tienda2
437,88,2,111.51,223.02,Tienda3
786,109,2,62.31,124.62,Tienda3
573,188,1,30.64,30.64,Tienda4
709,161,2,23.94,47.88,Tienda4
463,187,3,43.53,130.59,Tienda5
210,245,2,117.42,234.84,Tienda3
258,105,2,68.99,137.98,Tienda5
315,25,1,112.44,112.44,Tienda2
167,189,1,23.77,23.77,Tienda2
194,130,2,118.19,236.38,Tienda3
771,15,2,117.3,234.6,Tienda4
570,140,2,73.9,147.8,Tienda3
697,41,2,101.89,203.78,Tienda4
505,161,2,23.94,47.88,Tienda3
686,69,1,12.14,12.14,Tienda1
90,167,3,34.76,104.28,Tienda5
122,76,3,94.35,283.05,Tienda4
67,150,1,23.93,23.93,Tienda4
382,21,3,93.95,281.85,Tienda1
12,32,3,34.12,102.36,Tienda5
277,83,1,38.9,38.9,Tienda2
165,15,2,117.3,234.6,Tienda3
567,9,1,108.22,108.22,Tienda5
133,81,2,114.86,229.72,Tienda3
339,198,3,78.4,235.2,Tienda2
240,232,2,96.15,192.3,Tienda5
399,13,3,58.14,174.42,Tienda2
343,126,3,65.39,196.17,Tienda3
411,144,3,65.84,197.52,Tienda4
71,246,3,80.83,242.49,Tienda4
513,124,3,104.5,313.5,Tienda2
688,104,1,84.57,84.57,Tienda2
102,86,1,17.98,17.98,Tienda2
552,27,1,91.3,91.3,Tienda3
284,150,3,23.93,71.79,Tienda3
603,106,2,41.86,83.72,Tienda3
359,24,3,65.24,195.72,Tienda2
529,45,1,25.28,25.28,Tienda4
216,7,3,32.14,96.42,Tienda5
738,73,2,105.42,210.84,Tienda5
461,178,3,109.54,328.62,Tienda5
544,42,3,78.81,236.43,Tienda5
15,123,2,64.72,129.44,Tienda3
526,119,2,16.1,32.2,Tienda2
437,2,1,64.14,64.14,Tienda3
694,62,1,12.42,12.42,Tienda5
582,169,3,60.2,180.6,Tienda3
735,99,3,84.41,253.23,Tienda4
347,68,1,105.11,105.11,Tienda4
549,29,3,55.28,165.84,Tienda1
267,23,3,48.31,144.93,Tienda3
707,48,2,16.66,33.32,Tienda2
264,115,1,72.89,72.89,Tienda5
155,137,2,56.35,112.7,Tienda2
756,60,2,66.98,133.96,Tienda4
332,190,2,85.51,171.02,Tienda4
309,103,1,107.23,107.23,Tienda4
376,62,2,12.42,24.84,Tienda4
692,15,2,117.3,234.6,Tienda5
610,135,1,56.13,56.13,Tienda4
481,3,2,104.2,208.4,Tienda4
745,103,3,107.23,321.69,Tienda4
297,5,2,16.67,33.34,Tienda5
381,30,2,28.96,57.92,Tienda3
608,43,1,111.09,111.09,Tienda3
658,8,3,55.66,166.98,Tienda4
274,142,2,118.79,237.58,Tienda5
168,156,1,114.69,114.69,Tienda2
105,184,3,88.89,266.67,Tienda2
408,109,2,62.31,124.62,Tienda4
327,176,3,58.91,176.73,Tienda2
271,239,3,85.4,256.2,Tienda1
694,205,1,101.39,101.39,Tienda5
368,85,1,65.79,65.79,Tienda5
156,81,2,114.86,229.72,Tienda5
371,44,2,110.0,220.0,Tienda3
756,195,2,22.96,45.92,Tienda4
133,149,2,56.37,112.74,Tienda3
668,198,1,78.4,78.4,Tienda1
250,173,1,72.14,72.14,Tienda2
766,113,3,96.13,288.39,Tienda5
379,212,1,51.77,51.77,Tienda3
280,238,1,64.61,64.61,Tienda1
448,104,3,84.57,253.71,Tienda1
649,85,2,65.79,131.58,Tienda2
139,50,2,118.46,236.92,Tienda2
172,118,1,21.15,21.15,Tienda4
590,145,3,39.97,119.91,Tienda3
743,68,1,105.11,105.11,Tienda5
797,70,3,76.49,229.47,Tienda4
399,233,2,108.58,217.16,Tienda2
126,156,1,114.69,114.69,Tienda2
16,243,3,108.2,324.6,Tienda3
777,47,1,117.4,117.4,Tienda3
224,188,1,30.64,30.64,Tienda4
323,185,3,20.57,61.71,Tienda4
95,218,1,70.07,70.07,Tienda1
592,76,2,94.35,188.7,Tienda2
709,184,3,88.89,266.67,Tienda4
605,76,1,94.35,94.35,Tienda1
746,146,2,17.85,35.7,Tienda3
574,90,1,97.6,97.6,Tienda3
27,154,3,29.63,88.89,Tienda4
22,15,2,117.3,234.6,Tienda1
436,167,3,34.76,104.28,Tienda3
71,24,1,65.24,65.24,Tienda4
136,16,3,39.9,119.7,Tienda5
545,78,1,109.36,109.36,Tienda3
49,92,3,50.35,151.05,Tienda4
100,61,3,114.52,343.56,Tienda5
261,97,2,95.53,191.06,Tienda3
736,32,3,34.12,102.36,Tienda2
614,53,2,50.47,100.94,Tienda5
292,78,3,109.36,328.08,Tienda1
75,131,3,69.12,207.36,Tienda1
108,25,1,112.44,112.44,Tienda5
466,249,3,112.56,337.68,Tienda2
464,233,3,108.58,325.74,Tienda1
781,233,1,108.58,108.58,Tienda1
330,250,2,42.28,84.56,Tienda3
315,77,2,49.46,98.92,Tienda2
15,22,1,30.31,30.31,Tienda3
214,151,3,103.45,310.35,Tienda2
407,229,2,114.94,229.88,Tienda2
346,7,2,32.14,64.28,Tienda1
189,157,1,93.07,93.07,Tienda1
374,27,1,91.3,91.3,Tienda5
254,178,3,109.54,328.62,Tienda2
154,68,2,105.11,210.22,Tienda2
255,170,2,108.27,216.54,Tienda5
593,1,2,91.77,183.54,Tienda5
723,66,3,73.65,220.95,Tienda5
209,27,1,91.3,91.3,Tienda3
254,41,2,101.89,203.78,Tienda2
527,245,2,117.42,234.84,Tienda2
67,148,3,44.83,134.49,Tienda4
407,153,3,119.44,358.32,Tienda2
636,51,1,40.85,40.85,Tienda4
349,126,2,65.39,130.78,Tienda5
35,49,3,74.65,223.95,Tienda3
762,80,3,96.65,289.95,Tienda2
515,134,3,105.72,317.16,Tienda5
243,224,3,89.91,269.73,Tienda2
248,74,3,55.56,166.68,Tienda1
634,69,1,12.14,12.14,Tienda3
309,201,1,88.5,88.5,Tienda4
27,203,2,82.97,165.94,Tienda4
590,111,3,55.85,167.55,Tienda3
218,190,3,85.51,256.53,Tienda5
424,133,2,41.55,83.1,Tienda3
753,56,2,46.53,93.06,Tienda4
396,192,3,71.05,213.15,Tienda1
437,56,1,46.53,46.53,Tienda3
90,205,3,101.39,304.17,Tienda5
189,140,1,73.9,73.9,Tienda1
327,20,3,15.88,47.64,Tienda2
178,39,2,46.65,93.3,Tienda4
448,122,3,78.13,234.39,Tienda1
495,247,2,118.55,237.1,Tienda5
107,80,1,96.65,96.65,Tienda1
602,90,3,97.6,292.8,Tienda1
725,103,3,107.23,321.69,Tienda3
722,163,2,14.82,29.64,Tienda2
519,73,1,105.42,105.42,Tienda2
647,235,2,25.35,50.7,Tienda1
629,94,1,50.68,50.68,Tienda2
659,111,2,55.85,111.7,Tienda1
581,142,3,118.79,356.37,Tienda2
294,131,2,69.12,138.24,Tienda2
731,77,2,49.46,98.92,Tienda2
498,106,2,41.86,83.72,Tienda2
124,193,1,18.33,18.33,Tienda4
77,127,2,77.73,155.46,Tienda4
468,210,3,61.31,183.93,Tienda4
716,130,1,118.19,118.19,Tienda3
278,75,1,95.0,95.0,Tienda5
708,104,2,84.57,169.14,Tienda2
716,169,1,60.2,60.2,Tienda3
745,186,2,102.77,205.54,Tienda4
56,62,3,12.42,37.26,Tienda4
331,239,1,85.4,85.4,Tienda1
395,121,2,81.36,162.72,Tienda5
113,46,3,83.62,250.86,Tienda5
268,248,1,102.09,102.09,Tienda3
772,3,2,104.2,208.4,Tienda4
566,3,1,104.2,104.2,Tienda5
621,164,1,112.93,112.93,Tienda5
537,159,3,88.74,266.22,Tienda3
352,66,3,73.65,220.95,Tienda1
155,77,3,49.46,148.38,Tienda2
583,149,3,56.37,169.11,Tienda5
653,17,3,92.89,278.67,Tienda5
794,134,1,105.72,105.72,Tienda3
97,98,2,87.79,175.58,Tienda3
377,144,2,65.84,131.68,Tienda5
101,117,1,59.38,59.38,Tienda5
242,215,1,28.69,28.69,Tienda3
666,11,1,19.24,19.24,Tienda3
303,182,2,78.65,157.3,Tienda4
677,141,2,110.91,221.82,Tienda1
796,164,1,112.93,112.93,Tienda2
691,62,1,12.42,12.42,Tienda1
330,174,2,13.31,26.62,Tienda3
626,79,2,74.6,149.2,Tienda1
642,25,3,112.44,337.32,Tienda1
739,207,2,60.98,121.96,Tienda1
730,201,3,88.5,265.5,Tienda4
725,162,2,77.73,155.46,Tienda3
557,58,2,10.68,21.36,Tienda4
372,112,1,91.69,91.69,Tienda1
31,42,2,78.81,157.62,Tienda2
14,160,3,58.71,176.13,Tienda4
688,88,1,111.51,111.51,Tienda2
538,65,3,60.21,180.63,Tienda4
296,69,2,12.14,24.28,Tienda4
101,211,3,58.63,175.89,Tienda5
332,194,3,20.61,61.83,Tienda4
373,56,1,46.53,46.53,Tienda5
175,231,3,59.23,177.69,Tienda2
357,109,1,62.31,62.31,Tienda1
326,4,1,66.05,66.05,Tienda3
499,210,3,61.31,183.93,Tienda1
293,196,1,117.49,117.49,Tienda3
255,233,2,108.58,217.16,Tienda5
591,1,1,91.77,91.77,Tienda4
555,57,1,43.87,43.87,Tienda3
518,32,2,34.12,68.24,Tienda2
727,86,3,17.98,53.94,Tienda5
318,23,3,48.31,144.93,Tienda2
11,6,2,11.0,22.0,Tienda2
777,11,2,19.24,38.48,Tienda3
452,225,2,50.17,100.34,Tienda5
50,60,3,66.98,200.94,Tienda4
197,163,1,14.82,14.82,Tienda3
373,104,1,84.57,84.57,Tienda5
453,163,3,14.82,44.46,Tienda5
440,124,1,104.5,104.5,Tienda3
299,202,2,90.56,181.12,Tienda3
670,1,1,91.77,91.77,Tienda3
651,221,3,83.93,251.79,Tienda5
46,171,1,87.47,87.47,Tienda1
533,99,2,84.41,168.82,Tienda4
707,182,2,78.65,157.3,Tienda2
713,181,2,60.86,121.72,Tienda2
427,228,1,35.5,35.5,Tienda3
273,142,1,118.79,118.79,Tienda2
136,243,1,108.2,108.2,Tienda5
661,35,1,44.7,44.7,Tienda4
58,71,3,108.2,324.6,Tienda2
781,146,1,17.85,17.85,Tienda1
789,181,2,60.86,121.72,Tienda1
160,31,1,101.26,101.26,Tienda2
284,173,1,72.14,72.14,Tienda3
230,67,3,78.41,235.23,Tienda4
733,104,1,84.57,84.57,Tienda4
626,23,2,48.31,96.62,Tienda1
800,99,3,84.41,253.23,Tienda2
609,61,2,114.52,229.04,Tienda1
776,216,1,93.02,93.02,Tienda3
613,174,3,13.31,39.93,Tienda5
191,94,2,50.68,101.36,Tienda3
722,38,2,45.07,90.14,Tienda2
742,112,3,91.69,275.07,Tienda1
474,76,2,94.35,188.7,Tienda2
349,28,3,43.33,129.99,Tienda5
512,205,1,101.39,101.39,Tienda4
457,181,3,60.86,182.58,Tienda3
560,177,3,114.37,343.11,Tienda5
94,191,2,106.88,213.76,Tienda4
659,30,2,28.96,57.92,Tienda1
691,236,2,38.35,76.7,Tienda1
328,15,2,117.3,234.6,Tienda1
311,166,3,113.54,340.62,Tienda2
383,25,1,112.44,112.44,Tienda2
199,86,2,17.98,35.96,Tienda2
600,54,1,66.24,66.24,Tienda1
354,71,2,108.2,216.4,Tienda4
471,47,1,117.4,117.4,Tienda2
146,204,2,98.03,196.06,Tienda3
745,169,3,60.2,180.6,Tienda4
652,10,1,67.7,67.7,Tienda1
376,149,2,56.37,112.74,Tienda4
378,226,1,79.7,79.7,Tienda4
211,128,1,94.95,94.95,Tienda5
394,70,3,76.49,229.47,Tienda3
330,138,1,24.81,24.81,Tienda3
739,132,3,39.36,118.08,Tienda1
741,74,1,55.56,55.56,Tienda3
389,15,2,117.3,234.6,Tienda5
593,182,1,78.65,78.65,Tienda5
460,188,1,30.64,30.64,Tienda2
25,133,1,41.55,41.55,Tienda2
609,231,3,59.23,177.69,Tienda1
303,70,1,76.49,76.49,Tienda4
252,90,3,97.6,292.8,Tienda5
123,5,3,16.67,50.01,Tienda5
647,126,2,65.39,130.78,Tienda1
327,118,2,21.15,42.3,Tienda2
701,72,2,31.85,63.7,Tienda3
725,133,1,41.55,41.55,Tienda3
282,225,2,50.17,100.34,Tienda4
290,43,1,111.09,111.09,Tienda4
395,99,3,84.41,253.23,Tienda5
426,53,3,50.47,151.41,Tienda3
385,46,1,83.62,83.62,Tienda5
175,19,3,108.61,325.83,Tienda2
53,4,2,66.05,132.1,Tienda1
435,34,1,22.51,22.51,Tienda1
218,137,2,56.35,112.7,Tienda5
85,217,2,30.88,61.76,Tienda3
345,1,1,91.77,91.77,Tienda5
274,215,2,28.69,57.38,Tienda5
744,238,3,64.61,193.83,Tienda2
673,21,2,93.95,187.9,Tienda2
601,174,1,13.31,13.31,Tienda4
474,32,2,34.12,68.24,Tienda2
568,128,1,94.95,94.95,Tienda4
638,169,3,60.2,180.6,Tienda2
371,198,1,78.4,78.4,Tienda3
329,56,1,46.53,46.53,Tienda3
164,140,3,73.9,221.7,Tienda4
71,126,2,65.39,130.78,Tienda4
713,166,3,113.54,340.62,Tienda2
393,187,3,43.53,130.59,Tienda3
799,46,1,83.62,83.62,Tienda2
51,43,3,111.09,333.27,Tienda5
668,65,1,60.21,60.21,Tienda1
365,141,2,110.91,221.82,Tienda2
386,33,3,40.26,120.78,Tienda2
270,152,3,34.6,103.8,Tienda3
474,158,3,12.01,36.03,Tienda2
123,35,1,44.7,44.7,Tienda5
666,76,1,94.35,94.35,Tienda3
60,113,3,96.13,288.39,Tienda3
291,130,2,118.19,236.38,Tienda3
441,146,1,17.85,17.85,Tienda5
608,26,2,114.88,229.76,Tienda3
195,94,2,50.68,101.36,Tienda1
698,180,3,45.36,136.08,Tienda1
321,191,1,106.88,106.88,Tienda4
68,239,3,85.4,256.2,Tienda5
614,66,2,73.65,147.3,Tienda5
294,189,2,23.77,47.54,Tienda2
710,134,1,105.72,105.72,Tienda2
390,36,3,110.96,332.88,Tienda1
364,135,3,56.13,168.39,Tienda5
323,179,1,93.03,93.03,Tienda4
649,171,3,87.47,262.41,Tienda2
473,181,1,60.86,60.86,Tienda1
551,97,2,95.53,191.06,Tienda3
477,43,1,111.09,111.09,Tienda5
92,76,3,94.35,283.05,Tienda3
247,240,3,24.43,73.29,Tienda4
423,14,3,79.25,237.75,Tienda2
514,37,1,78.65,78.65,Tienda5
728,3,2,104.2,208.4,Tienda3
493,56,3,46.53,139.59,Tienda5
771,97,3,95.53,286.59,Tienda4
563,121,2,81.36,162.72,Tienda1
661,214,2,102.6,205.2,Tienda4
767,119,3,16.1,48.3,Tienda3
458,242,3,90.53,271.59,Tienda5
546,7,3,32.14,96.42,Tienda5
133,216,1,93.02,93.02,Tienda3
299,250,3,42.28,126.84,Tienda3
274,36,2,110.96,221.92,Tienda5
561,10,3,67.7,203.1,Tienda5
569,232,1,96.15,96.15,Tienda1
169,214,3,102.6,307.8,Tienda4
278,31,2,101.26,202.52,Tienda5
99,121,2,81.36,162.72,Tienda1
508,225,2,50.17,100.34,Tienda4
35,97,1,95.53,95.53,Tienda3
424,196,3,117.49,352.47,Tienda3
161,42,2,78.81,157.62,Tienda2
651,108,2,80.1,160.2,Tienda5
435,98,3,87.79,263.37,Tienda1
585,229,3,114.94,344.82,Tienda4
694,72,2,31.85,63.7,Tienda5
140,84,2,93.7,187.4,Tienda5
237,157,3,93.07,279.21,Tienda4
318,34,3,22.51,67.53,Tienda2
510,140,2,73.9,147.8,Tienda5
62,72,1,31.85,31.85,Tienda3
251,27,1,91.3,91.3,Tienda1
702,218,1,70.07,70.07,Tienda5
148,102,1,11.29,11.29,Tienda4
378,10,3,67.7,203.1,Tienda4
54,189,2,23.77,47.54,Tienda2
188,247,3,118.55,355.65,Tienda5
402,24,1,65.24,65.24,Tienda5
151,201,2,88.5,177.0,Tienda4
366,48,3,16.66,49.98,Tienda3
595,59,2,109.85,219.7,Tienda3
717,15,2,117.3,234.6,Tienda5
179,185,1,20.57,20.57,Tienda1
574,229,2,114.94,229.88,Tienda3
138,142,2,118.79,237.58,Tienda3
793,157,3,93.07,279.21,Tienda2
384,135,1,56.13,56.13,Tienda5
492,235,1,25.35,25.35,Tienda1
127,3,1,104.2,104.2,Tienda5
116,194,3,20.61,61.83,Tienda1
597,145,1,39.97,39.97,Tienda4
691,102,1,11.29,11.29,Tienda1
97,4,1,66.05,66.05,Tienda3
375,136,2,103.97,207.94,Tienda4
767,163,2,14.82,29.64,Tienda3
590,213,3,78.73,236.19,Tienda3
533,13,1,58.14,58.14,Tienda4
634,196,3,117.49,352.47,Tienda3
380,112,1,91.69,91.69,Tienda2
219,73,1,105.42,105.42,Tienda4
188,184,1,88.89,88.89,Tienda5
742,126,1,65.39,65.39,Tienda1
655,143,1,29.12,29.12,Tienda2
577,194,2,20.61,41.22,Tienda3
656,29,1,55.28,55.28,Tienda1
541,110,2,116.49,232.98,Tienda3
380,98,3,87.79,263.37,Tienda2
565,96,1,69.69,69.69,Tienda5
177,219,2,23.72,47.44,Tienda4
737,146,1,17.85,17.85,Tienda2
82,39,2,46.65,93.3,Tienda5
665,64,3,32.31,96.93,Tienda4
531,52,2,88.55,177.1,Tienda4
71,58,3,10.68,32.04,Tienda4
42,216,1,93.02,93.02,Tienda2
303,194,3,20.61,61.83,Tienda4
653,225,1,50.17,50.17,Tienda5
123,194,2,20.61,41.22,Tienda5
657,10,3,67.7,203.1,Tienda4
418,77,1,49.46,49.46,Tienda2
673,6,1,11.0,11.0,Tienda2
339,165,3,81.34,244.02,Tienda2
561,183,1,100.12,100.12,Tienda5
487,96,3,69.69,209.07,Tienda2
305,33,1,40.26,40.26,Tienda4
231,83,2,38.9,77.8,Tienda1
446,190,2,85.51,171.02,Tienda2
321,116,1,42.76,42.76,Tienda4
140,163,2,14.82,29.64,Tienda5
171,230,2,117.02,234.04,Tienda2
276,200,1,90.44,90.44,Tienda2
478,42,1,78.81,78.81,Tienda3
277,137,1,56.35,56.35,Tienda2
669,14,3,79.25,237.75,Tienda2
31,218,3,70.07,210.21,Tienda2
496,110,1,116.49,116.49,Tienda1
157,46,2,83.62,167.24,Tienda1
405,24,3,65.24,195.72,Tienda2
299,194,1,20.61,20.61,Tienda3
164,130,2,118.19,236.38,Tienda4
315,54,1,66.24,66.24,Tienda2
152,74,2,55.56,111.12,Tienda1
32,221,1,83.93,83.93,Tienda2
550,243,1,108.2,108.2,Tienda4
750,172,3,69.34,208.02,Tienda4
672,169,1,60.2,60.2,Tienda3
33,157,3,93.07,279.21,Tienda5
576,6,1,11.0,11.0,Tienda5
63,151,1,103.45,103.45,Tienda2
381,16,3,39.9,119.7,Tienda3
481,124,1,104.5,104.5,Tienda4
636,169,3,60.2,180.6,Tienda4
352,115,3,72.89,218.67,Tienda1
650,89,1,45.96,45.96,Tienda4
239,98,3,87.79,263.37,Tienda3
242,91,2,60.2,120.4,Tienda3
677,88,3,111.51,334.53,Tienda1
68,205,2,101.39,202.78,Tienda5
105,40,1,70.59,70.59,Tienda2
662,158,2,12.01,24.02,Tienda5
416,150,2,23.93,47.86,Tienda3
729,234,3,21.78,65.34,Tienda2
428,240,2,24.43,48.86,Tienda5
10,5,1,16.67,16.67,Tienda4
460,212,3,51.77,155.31,Tienda2
74,68,2,105.11,210.22,Tienda2
726,221,3,83.93,251.79,Tienda5
500,15,1,117.3,117.3,Tienda5
130,46,1,83.62,83.62,Tienda3
269,54,2,66.24,132.48,Tienda4
59,148,2,44.83,89.66,Tienda3
197,61,2,114.52,229.04,Tienda3
602,80,1,96.65,96.65,Tienda1
471,108,1,80.1,80.1,Tienda2
538,160,2,58.71,117.42,Tienda4
640,58,3,10.68,32.04,Tienda2
451,11,1,19.24,19.24,Tienda1
298,122,3,78.13,234.39,Tienda4
445,25,2,112.44,224.88,Tienda5
213,60,1,66.98,66.98,Tienda3
419,161,3,23.94,71.82,Tienda5
172,62,3,12.42,37.26,Tienda4
392,178,3,109.54,328.62,Tienda2
308,154,3,29.63,88.89,Tienda2
162,231,3,59.23,177.69,Tienda4
389,98,1,87.79,87.79,Tienda5
176,30,2,28.96,57.92,Tienda3
28,228,2,35.5,71.0,Tienda1
314,8,3,55.66,166.98,Tienda4
440,244,1,117.1,117.1,Tienda3
795,193,1,18.33,18.33,Tienda5
104,189,1,23.77,23.77,Tienda2
471,81,3,114.86,344.58,Tienda2
330,99,1,84.41,84.41,Tienda3
391,218,1,70.07,70.07,Tienda4
17,53,2,50.47,100.94,Tienda5
393,109,2,62.31,124.62,Tienda3
31,17,1,92.89,92.89,Tienda2
222,15,1,117.3,117.3,Tienda2
205,164,1,112.93,112.93,Tienda3
20,204,1,98.03,98.03,Tienda4
327,197,1,94.42,94.42,Tienda2
381,162,2,77.73,155.46,Tienda3
69,102,3,11.29,33.87,Tienda5
339,148,2,44.83,89.66,Tienda2
658,189,3,23.77,71.31,Tienda4
274,201,2,88.5,177.0,Tienda5
489,4,1,66.05,66.05,Tienda3
409,119,3,16.1,48.3,Tienda1
585,46,2,83.62,167.24,Tienda4
528,55,1,63.53,63.53,Tienda2
433,174,3,13.31,39.93,Tienda1
101,191,2,106.88,213.76,Tienda5
430,146,3,17.85,53.55,Tienda1
343,114,2,99.33,198.66,Tienda3
650,157,3,93.07,279.21,Tienda4
314,4,3,66.05,198.15,Tienda4
276,244,2,117.1,234.2,Tienda2
294,80,1,96.65,96.65,Tienda2
744,223,2,32.8,65.6,Tienda2
252,37,2,78.65,157.3,Tienda5
704,114,3,99.33,297.99,Tienda1
300,221,2,83.93,167.86,Tienda3
117,211,3,58.63,175.89,Tienda2
788,37,1,78.65,78.65,Tienda5
525,233,3,108.58,325.74,Tienda4
710,245,2,117.42,234.84,Tienda2
392,104,3,84.57,253.71,Tienda2
393,111,2,55.85,111.7,Tienda3
676,28,1,43.33,43.33,Tienda4
301,82,3,87.14,261.42,Tienda3
507,193,1,18.33,18.33,Tienda5
672,184,2,88.89,177.78,Tienda3
18,168,2,73.6,147.2,Tienda4
132,204,3,98.03,294.09,Tienda4
415,211,1,58.63,58.63,Tienda5
570,110,3,116.49,349.47,Tienda3
437,10,1,67.7,67.7,Tienda3
194,120,2,27.97,55.94,Tienda3
306,191,3,106.88,320.64,Tienda1
532,62,1,12.42,12.42,Tienda5
170,158,1,12.01,12.01,Tienda2
533,83,2,38.9,77.8,Tienda4
679,187,3,43.53,130.59,Tienda3
241,164,3,112.93,338.79,Tienda2
492,210,1,61.31,61.31,Tienda1
487,88,1,111.51,111.51,Tienda2
467,1,3,91.77,275.31,Tienda1
602,236,2,38.35,76.7,Tienda1
683,97,1,95.53,95.53,Tienda4
623,74,2,55.56,111.12,Tienda2
19,20,1,15.88,15.88,Tienda5
405,47,3,117.4,352.2,Tienda2
47,106,3,41.86,125.58,Tienda3
702,147,1,84.1,84.1,Tienda5
458,161,2,23.94,47.88,Tienda5
551,224,1,89.91,89.91,Tienda3
456,195,1,22.96,22.96,Tienda3
475,223,2,32.8,65.6,Tienda3
400,159,3,88.74,266.22,Tienda4
18,132,1,39.36,39.36,Tienda4
352,160,3,58.71,176.13,Tienda1
225,84,3,93.7,281.1,Tienda5
704,160,3,58.71,176.13,Tienda1
722,99,2,84.41,168.82,Tienda2
743,157,2,93.07,186.14,Tienda5
155,70,1,76.49,76.49,Tienda2
795,184,2,88.89,177.78,Tienda5
445,20,3,15.88,47.64,Tienda5
187,249,3,112.56,337.68,Tienda2
501,226,3,79.7,239.1,Tienda2
445,98,1,87.79,87.79,Tienda5
64,31,1,101.26,101.26,Tienda2
164,68,2,105.11,210.22,Tienda4
569,44,2,110.0,220.0,Tienda1
256,12,3,69.74,209.22,Tienda5
668,163,1,14.82,14.82,Tienda1
223,146,1,17.85,17.85,Tienda1
52,201,3,88.5,265.5,Tienda4
284,222,3,78.25,234.75,Tienda3
20,208,1,70.5,70.5,Tienda4
22,115,2,72.89,145.78,Tienda1
71,163,2,14.82,29.64,Tienda4
493,189,3,23.77,71.31,Tienda5
234,25,1,112.44,112.44,Tienda4
10,91,1,60.2,60.2,Tienda4
701,210,3,61.31,183.93,Tienda3
102,243,3,108.2,324.6,Tienda2
630,20,2,15.88,31.76,Tienda4
626,52,2,88.55,177.1,Tienda1
8,57,2,43.87,87.74,Tienda2
596,152,3,34.6,103.8,Tienda3
320,196,1,117.49,117.49,Tienda3
665,22,2,30.31,60.62,Tienda4
85,160,1,58.71,58.71,Tienda3
564,38,1,45.07,45.07,Tienda4
24,149,3,56.37,169.11,Tienda1
273,217,1,30.88,30.88,Tienda2
649,183,1,100.12,100.12,Tienda2
68,110,2,116.49,232.98,Tienda5
26,21,2,93.95,187.9,Tienda1
448,138,3,24.81,74.43,Tienda1
135,18,1,47.85,47.85,Tienda1
267,214,2,102.6,205.2,Tienda3
13,113,3,96.13,288.39,Tienda5
372,236,2,38.35,76.7,Tienda1
137,88,3,111.51,334.53,Tienda3
278,126,1,65.39,65.39,Tienda5
542,241,1,100.84,100.84,Tienda1
263,169,1,60.2,60.2,Tienda2
158,21,3,93.95,281.85,Tienda1
214,11,2,19.24,38.48,Tienda2
261,216,1,93.02,93.02,Tienda3
522,154,3,29.63,88.89,Tienda3
178,249,1,112.56,112.56,Tienda4
175,207,1,60.98,60.98,Tienda2
390,45,1,25.28,25.28,Tienda1
158,120,2,27.97,55.94,Tienda1
25,28,3,43.33,129.99,Tienda2
401,21,3,93.95,281.85,Tienda1
186,115,3,72.89,218.67,Tienda2
312,147,1,84.1,84.1,Tienda5
774,176,2,58.91,117.82,Tienda5
357,67,3,78.41,235.23,Tienda1
391,23,2,48.31,96.62,Tienda4
159,31,3,101.26,303.78,Tienda2
348,198,3,78.4,235.2,Tienda2
529,130,3,118.19,354.57,Tienda4
200,78,2,109.36,218.72,Tienda2
24,195,2,22.96,45.92,Tienda1
45,105,2,68.99,137.98,Tienda1
333,160,2,58.71,117.42,Tienda3
341,102,2,11.29,22.58,Tienda2
534,209,3,113.25,339.75,Tienda2
665,1,3,91.77,275.31,Tienda4
777,194,3,20.61,61.83,Tienda3
163,226,3,79.7,239.1,Tienda5
208,150,2,23.93,47.86,Tienda4
592,91,2,60.2,120.4,Tienda2
565,22,2,30.31,60.62,Tienda5
166,150,1,23.93,23.93,Tienda2
335,230,1,117.02,117.02,Tienda3
254,108,2,80.1,160.2,Tienda2
307,23,1,48.31,48.31,Tienda2
143,155,3,51.75,155.25,Tienda5
603,109,3,62.31,186.93,Tienda3
725,72,3,31.85,95.55,Tienda3
741,18,3,47.85,143.55,Tienda3
376,244,3,117.1,351.3,Tienda4
438,5,2,16.67,33.34,Tienda4
148,70,1,76.49,76.49,Tienda4
350,203,2,82.97,165.94,Tienda3
15,176,2,58.91,117.82,Tienda3
235,7,2,32.14,64.28,Tienda2
241,122,2,78.13,156.26,Tienda2
154,50,2,118.46,236.92,Tienda2
315,181,3,60.86,182.58,Tienda2
640,227,1,49.3,49.3,Tienda2
153,125,3,87.78,263.34,Tienda5
786,220,3,28.39,85.17,Tienda3
608,83,2,38.9,77.8,Tienda3
526,120,3,27.97,83.91,Tienda2
131,19,1,108.61,108.61,Tienda4
72,101,2,72.2,144.4,Tienda1
252,179,1,93.03,93.03,Tienda5
70,59,3,109.85,329.55,Tienda2
669,13,3,58.14,174.42,Tienda2
181,172,1,69.34,69.34,Tienda2
458,158,2,12.01,24.02,Tienda5
529,106,3,41.86,125.58,Tienda4
178,24,3,65.24,195.72,Tienda4
217,169,3,60.2,180.6,Tienda3
274,126,2,65.39,130.78,Tienda5
546,33,1,40.26,40.26,Tienda5
648,147,1,84.1,84.1,Tienda1
2,36,3,110.96,332.88,Tienda3
757,65,3,60.21,180.63,Tienda5
669,93,3,93.9,281.7,Tienda2
215,61,1,114.52,114.52,Tienda3
419,185,3,20.57,61.71,Tienda5
307,200,1,90.44,90.44,Tienda2
65,235,3,25.35,76.05,Tienda3
268,75,2,95.0,190.0,Tienda3
457,206,1,107.32,107.32,Tienda3
461,240,1,24.43,24.43,Tienda5
219,127,2,77.73,155.46,Tienda4
206,193,1,18.33,18.33,Tienda2
165,96,3,69.69,209.07,Tienda3
256,50,3,118.46,355.38,Tienda5
85,136,2,103.97,207.94,Tienda3
118,78,3,109.36,328.08,Tienda1
492,5,2,16.67,33.34,Tienda1
237,152,1,34.6,34.6,Tienda4
550,178,3,109.54,328.62,Tienda4
220,170,2,108.27,216.54,Tienda1
379,207,1,60.98,60.98,Tienda3
612,236,2,38.35,76.7,Tienda1
654,187,3,43.53,130.59,Tienda2
782,8,2,55.66,111.32,Tienda4
321,240,1,24.43,24.43,Tienda4
62,191,1,106.88,106.88,Tienda3
648,116,2,42.76,85.52,Tienda1
185,77,1,49.46,49.46,Tienda2
370,14,1,79.25,79.25,Tienda1
556,165,1,81.34,81.34,Tienda3
390,67,1,78.41,78.41,Tienda1
248,38,3,45.07,135.21,Tienda1
93,158,1,12.01,12.01,Tienda5
493,206,2,107.32,214.64,Tienda5
576,184,2,88.89,177.78,Tienda5
502,90,2,97.6,195.2,Tienda5
122,123,3,64.72,194.16,Tienda4
601,189,1,23.77,23.77,Tienda4
508,108,3,80.1,240.3,Tienda4
610,166,1,113.54,113.54,Tienda4
467,247,1,118.55,118.55,Tienda1
480,156,2,114.69,229.38,Tienda3
605,135,3,56.13,168.39,Tienda1
710,67,1,78.41,78.41,Tienda2
3,107,3,39.53,118.59,Tienda5
662,227,3,49.3,147.9,Tienda5
124,7,3,32.14,96.42,Tienda4
633,198,1,78.4,78.4,Tienda1
56,178,3,109.54,328.62,Tienda4
43,67,1,78.41,78.41,Tienda2
248,205,3,101.39,304.17,Tienda1
14,234,3,21.78,65.34,Tienda4
421,113,1,96.13,96.13,Tienda1
588,84,1,93.7,93.7,Tienda3
546,70,3,76.49,229.47,Tienda5
10,5,1,16.67,16.67,Tienda4
428,100,2,98.58,197.16,Tienda5
268,28,3,43.33,129.99,Tienda3
443,146,2,17.85,35.7,Tienda1
754,249,1,112.56,112.56,Tienda4
369,205,1,101.39,101.39,Tienda3
688,47,1,117.4,117.4,Tienda2
279,82,3,87.14,261.42,Tienda4
90,200,3,90.44,271.32,Tienda5
417,236,1,38.35,38.35,Tienda5
115,31,3,101.26,303.78,Tienda3
371,39,1,46.65,46.65,Tienda3
552,230,1,117.02,117.02,Tienda3
687,35,1,44.7,44.7,Tienda5
406,58,3,10.68,32.04,Tienda2
134,136,3,103.97,311.91,Tienda2
364,14,1,79.25,79.25,Tienda5
298,62,2,12.42,24.84,Tienda4
115,21,1,93.95,93.95,Tienda3
129,50,1,118.46,118.46,Tienda2
193,203,3,82.97,248.91,Tienda4
253,49,3,74.65,223.95,Tienda5
309,110,1,116.49,116.49,Tienda4
538,6,1,11.0,11.0,Tienda4
488,54,3,66.24,198.72,Tienda4
5,60,3,66.98,200.94,Tienda1
419,148,2,44.83,89.66,Tienda5
315,137,3,56.35,169.05,Tienda2
11,106,1,41.86,41.86,Tienda2
202,90,1,97.6,97.6,Tienda2
189,175,3,23.24,69.72,Tienda1
767,20,2,15.88,31.76,Tienda3
237,102,3,11.29,33.87,Tienda4
238,22,1,30.31,30.31,Tienda5
480,182,2,78.65,157.3,Tienda3
337,112,3,91.69,275.07,Tienda3
601,49,3,74.65,223.95,Tienda4
525,15,1,117.3,117.3,Tienda4
322,149,2,56.37,112.74,Tienda5
41,102,1,11.29,11.29,Tienda1
649,116,3,42.76,128.28,Tienda2
720,81,3,114.86,344.58,Tienda3
256,223,3,32.8,98.4,Tienda5
763,177,3,114.37,343.11,Tienda1
260,83,3,38.9,116.7,Tienda5
289,43,2,111.09,222.18,Tienda3
325,50,3,118.46,355.38,Tienda2
646,26,1,114.88,114.88,Tienda5
706,6,3,11.0,33.0,Tienda2
131,97,2,95.53,191.06,Tienda4
651,64,3,32.31,96.93,Tienda5
696,82,1,87.14,87.14,Tienda4
217,3,2,104.2,208.4,Tienda3
277,74,2,55.56,111.12,Tienda2
647,241,3,100.84,302.52,Tienda1
790,130,3,118.19,354.57,Tienda4
5,31,1,101.26,101.26,Tienda1
32,61,3,114.52,343.56,Tienda2
417,8,1,55.66,55.66,Tienda5
772,46,2,83.62,167.24,Tienda4
95,132,1,39.36,39.36,Tienda1
80,78,2,109.36,218.72,Tienda4
70,221,2,83.93,167.86,Tienda2
660,34,2,22.51,45.02,Tienda4
22,142,2,118.79,237.58,Tienda1
699,73,1,105.42,105.42,Tienda4
121,18,3,47.85,143.55,Tienda2
435,242,2,90.53,181.06,Tienda1
539,87,3,92.32,276.96,Tienda2
142,152,2,34.6,69.2,Tienda3
134,101,3,72.2,216.6,Tienda2
329,120,3,27.97,83.91,Tienda3
509,77,1,49.46,49.46,Tienda2
226,36,3,110.96,332.88,Tienda3
561,14,3,79.25,237.75,Tienda5
548,45,2,25.28,50.56,Tienda4
403,110,1,116.49,116.49,Tienda3
507,49,1,74.65,74.65,Tienda5
343,61,3,114.52,343.56,Tienda3
87,229,3,114.94,344.82,Tienda1
93,116,3,42.76,128.28,Tienda5
316,183,3,100.12,300.36,Tienda4
743,224,1,89.91,89.91,Tienda5
741,115,1,72.89,72.89,Tienda3
132,20,2,15.88,31.76,Tienda4
576,215,2,28.69,57.38,Tienda5
194,180,1,45.36,45.36,Tienda3
704,249,3,112.56,337.68,Tienda1
536,206,3,107.32,321.96,Tienda4
21,51,2,40.85,81.7,Tienda2
109,80,3,96.65,289.95,Tienda4
429,28,2,43.33,86.66,Tienda2
725,40,2,70.59,141.18,Tienda3
287,232,1,96.15,96.15,Tienda3
193,163,2,14.82,29.64,Tienda4
744,28,3,43.33,129.99,Tienda2
276,78,2,109.36,218.72,Tienda2
171,8,3,55.66,166.98,Tienda2
631,13,3,58.14,174.42,Tienda4
686,163,3,14.82,44.46,Tienda1
543,34,1,22.51,22.51,Tienda5
689,74,2,55.56,111.12,Tienda4
140,245,2,117.42,234.84,Tienda5
762,167,2,34.76,69.52,Tienda2
719,218,2,70.07,140.14,Tienda4
166,169,1,60.2,60.2,Tienda2
182,220,3,28.39,85.17,Tienda2
76,19,3,108.61,325.83,Tienda3
179,206,3,107.32,321.96,Tienda1
682,126,2,65.39,130.78,Tienda5
636,240,1,24.43,24.43,Tienda4
456,105,1,68.99,68.99,Tienda3
15,18,1,47.85,47.85,Tienda3
48,160,2,58.71,117.42,Tienda5
717,66,2,73.65,147.3,Tienda5
447,34,1,22.51,22.51,Tienda2
97,202,2,90.56,181.12,Tienda3
108,65,2,60.21,120.42,Tienda5
601,170,3,108.27,324.81,Tienda4
733,160,2,58.71,117.42,Tienda4
389,155,2,51.75,103.5,Tienda5
480,198,3,78.4,235.2,Tienda3
663,224,1,89.91,89.91,Tienda4
716,147,3,84.1,252.3,Tienda3
776,22,3,30.31,90.93,Tienda3
35,126,2,65.39,130.78,Tienda3
252,50,1,118.46,118.46,Tienda5
629,219,1,23.72,23.72,Tienda2
159,246,2,80.83,161.66,Tienda2
304,188,1,30.64,30.64,Tienda1
747,46,2,83.62,167.24,Tienda2
686,241,2,100.84,201.68,Tienda1
12,32,2,34.12,68.24,Tienda5
79,114,3,99.33,297.99,Tienda1
362,31,2,101.26,202.52,Tienda3
777,101,3,72.2,216.6,Tienda3
685,24,3,65.24,195.72,Tienda5
175,68,2,105.11,210.22,Tienda2
170,221,2,83.93,167.86,Tienda2
795,85,3,65.79,197.37,Tienda5
499,170,2,108.27,216.54,Tienda1
768,182,3,78.65,235.95,Tienda2
778,35,3,44.7,134.1,Tienda5
452,177,3,114.37,343.11,Tienda5
137,3,3,104.2,312.6,Tienda3
581,58,2,10.68,21.36,Tienda2
484,140,3,73.9,221.7,Tienda5
525,204,1,98.03,98.03,Tienda4
178,151,1,103.45,103.45,Tienda4
502,249,2,112.56,225.12,Tienda5
599,243,2,108.2,216.4,Tienda3
684,95,3,115.82,347.46,Tienda1
119,144,2,65.84,131.68,Tienda3
210,183,3,100.12,300.36,Tienda3
117,78,1,109.36,109.36,Tienda2
603,152,3,34.6,103.8,Tienda3
225,131,2,69.12,138.24,Tienda5
682,233,1,108.58,108.58,Tienda5
6,53,3,50.47,151.41,Tienda1
641,171,2,87.47,174.94,Tienda4
722,243,3,108.2,324.6,Tienda2
349,149,2,56.37,112.74,Tienda5
264,98,1,87.79,87.79,Tienda5
528,165,3,81.34,244.02,Tienda2
431,193,3,18.33,54.99,Tienda1
457,133,3,41.55,124.65,Tienda3
659,2,2,64.14,128.28,Tienda1
527,161,2,23.94,47.88,Tienda2
751,73,2,105.42,210.84,Tienda4
384,231,2,59.23,118.46,Tienda5
120,119,1,16.1,16.1,Tienda1
727,219,3,23.72,71.16,Tienda5
92,95,2,115.82,231.64,Tienda3
151,196,3,117.49,352.47,Tienda4
517,185,3,20.57,61.71,Tienda5
419,179,3,93.03,279.09,Tienda5
637,176,2,58.91,117.82,Tienda2
252,238,1,64.61,64.61,Tienda5
800,110,1,116.49,116.49,Tienda2
315,81,1,114.86,114.86,Tienda2
774,194,3,20.61,61.83,Tienda5
473,90,3,97.6,292.8,Tienda1
372,138,3,24.81,74.43,Tienda1
750,185,1,20.57,20.57,Tienda4
360,147,2,84.1,168.2,Tienda1
102,61,2,114.52,229.04,Tienda2
291,246,3,80.83,242.49,Tienda3
77,187,3,43.53,130.59,Tienda4
38,59,3,109.85,329.55,Tienda5
673,125,3,87.78,263.34,Tienda2
763,33,1,40.26,40.26,Tienda1
296,201,2,88.5,177.0,Tienda4
582,221,3,83.93,251.79,Tienda3
786,64,2,32.31,64.62,Tienda3
463,234,3,21.78,65.34,Tienda5
271,249,1,112.56,112.56,Tienda1
759,148,3,44.83,134.49,Tienda3
734,216,3,93.02,279.06,Tienda2
346,78,1,109.36,109.36,Tienda1
13,21,1,93.95,93.95,Tienda5
355,225,3,50.17,150.51,Tienda3
294,229,3,114.94,344.82,Tienda2
664,158,1,12.01,12.01,Tienda4
451,244,1,117.1,117.1,Tienda1
649,245,2,117.42,234.84,Tienda2
63,153,2,119.44,238.88,Tienda2
278,68,2,105.11,210.22,Tienda5
694,124,2,104.5,209.0,Tienda5
60,154,3,29.63,88.89,Tienda3
476,249,3,112.56,337.68,Tienda5
487,242,1,90.53,90.53,Tienda2
542,151,3,103.45,310.35,Tienda1
548,90,2,97.6,195.2,Tienda4
469,204,3,98.03,294.09,Tienda2
469,132,2,39.36,78.72,Tienda2
71,33,3,40.26,120.78,Tienda4
589,117,3,59.38,178.14,Tienda4
51,107,2,39.53,79.06,Tienda5
414,6,1,11.0,11.0,Tienda4
343,151,2,103.45,206.9,Tienda3
609,30,3,28.96,86.88,Tienda1
672,25,1,112.44,112.44,Tienda3
560,175,2,23.24,46.48,Tienda5
20,146,1,17.85,17.85,Tienda4
667,201,2,88.5,177.0,Tienda1
583,237,3,95.53,286.59,Tienda5
407,128,2,94.95,189.9,Tienda2
786,10,2,67.7,135.4,Tienda3
46,123,2,64.72,129.44,Tienda1
678,239,3,85.4,256.2,Tienda3
572,113,2,96.13,192.26,Tienda1
281,14,1,79.25,79.25,Tienda2
77,143,1,29.12,29.12,Tienda4
501,182,1,78.65,78.65,Tienda2
611,207,2,60.98,121.96,Tienda2
102,84,1,93.7,93.7,Tienda2
584,35,1,44.7,44.7,Tienda1
692,94,1,50.68,50.68,Tienda5
35,75,3,95.0,285.0,Tienda3
374,171,3,87.47,262.41,Tienda5
775,247,1,118.55,118.55,Tienda2
566,60,2,66.98,133.96,Tienda5
219,169,3,60.2,180.6,Tienda4
681,94,3,50.68,152.04,Tienda1
282,177,3,114.37,343.11,Tienda4
431,199,3,27.21,81.63,Tienda1
599,7,2,32.14,64.28,Tienda3
378,176,3,58.91,176.73,Tienda4
735,154,1,29.63,29.63,Tienda4
249,153,2,119.44,238.88,Tienda1
39,248,2,102.09,204.18,Tienda3
637,222,1,78.25,78.25,Tienda2
305,160,2,58.71,117.42,Tienda4
118,101,1,72.2,72.2,Tienda1
452,206,3,107.32,321.96,Tienda5
296,9,1,108.22,108.22,Tienda4
248,29,2,55.28,110.56,Tienda1
174,9,1,108.22,108.22,Tienda4
51,199,3,27.21,81.63,Tienda5
122,163,3,14.82,44.46,Tienda4
352,163,2,14.82,29.64,Tienda1
11,227,1,49.3,49.3,Tienda2
269,168,1,73.6,73.6,Tienda4
682,133,3,41.55,124.65,Tienda5
656,128,2,94.95,189.9,Tienda1
784,90,3,97.6,292.8,Tienda1
26,54,3,66.24,198.72,Tienda1
663,76,2,94.35,188.7,Tienda4
467,237,3,95.53,286.59,Tienda1
679,72,1,31.85,31.85,Tienda3
790,237,1,95.53,95.53,Tienda4
28,89,3,45.96,137.88,Tienda1
421,244,3,117.1,351.3,Tienda1
498,117,3,59.38,178.14,Tienda2
215,11,3,19.24,57.72,Tienda3
474,65,2,60.21,120.42,Tienda2
518,22,1,30.31,30.31,Tienda2
632,135,2,56.13,112.26,Tienda1
713,111,2,55.85,111.7,Tienda2
687,125,2,87.78,175.56,Tienda5
121,70,3,76.49,229.47,Tienda2
666,196,1,117.49,117.49,Tienda3
303,51,3,40.85,122.55,Tienda4
196,224,3,89.91,269.73,Tienda4
559,120,3,27.97,83.91,Tienda1
135,85,2,65.79,131.58,Tienda1
716,67,1,78.41,78.41,Tienda3
101,177,1,114.37,114.37,Tienda5
202,9,3,108.22,324.66,Tienda2
426,159,2,88.74,177.48,Tienda3
580,128,3,94.95,284.85,Tienda4
344,32,1,34.12,34.12,Tienda2
240,27,3,91.3,273.9,Tienda5
719,238,3,64.61,193.83,Tienda4
611,190,2,85.51,171.02,Tienda2
423,163,3,14.82,44.46,Tienda2
147,170,2,108.27,216.54,Tienda2
39,94,2,50.68,101.36,Tienda3
263,39,1,46.65,46.65,Tienda2
42,184,3,88.89,266.67,Tienda2
87,196,3,117.49,352.47,Tienda1
515,34,2,22.51,45.02,Tienda5
113,16,2,39.9,79.8,Tienda5
568,72,2,31.85,63.7,Tienda4
435,182,3,78.65,235.95,Tienda1
292,160,2,58.71,117.42,Tienda1
285,216,1,93.02,93.02,Tienda4
46,12,2,69.74,139.48,Tienda1
561,37,3,78.65,235.95,Tienda5
140,27,3,91.3,273.9,Tienda5
740,136,3,103.97,311.91,Tienda3
734,151,3,103.45,310.35,Tienda2
78,176,3,58.91,176.73,Tienda1
650,40,3,70.59,211.77,Tienda4
473,128,3,94.95,284.85,Tienda1
321,129,1,31.71,31.71,Tienda4
230,129,2,31.71,63.42,Tienda4
102,146,2,17.85,35.7,Tienda2
378,221,1,83.93,83.93,Tienda4
307,161,3,23.94,71.82,Tienda2
748,183,3,100.12,300.36,Tienda2
683,250,2,42.28,84.56,Tienda4
671,165,2,81.34,162.68,Tienda2
574,32,2,34.12,68.24,Tienda3
725,114,2,99.33,198.66,Tienda3
85,122,1,78.13,78.13,Tienda3
123,64,2,32.31,64.62,Tienda5
711,50,2,118.46,236.92,Tienda5
222,54,3,66.24,198.72,Tienda2
128,205,3,101.39,304.17,Tienda1
398,91,2,60.2,120.4,Tienda3
482,151,2,103.45,206.9,Tienda1
162,87,2,92.32,184.64,Tienda4
414,128,2,94.95,189.9,Tienda4
308,203,3,82.97,248.91,Tienda2
734,187,3,43.53,130.59,Tienda2
218,213,1,78.73,78.73,Tienda5
408,45,1,25.28,25.28,Tienda4
456,35,1,44.7,44.7,Tienda3
418,226,1,79.7,79.7,Tienda2
649,61,2,114.52,229.04,Tienda2
731,165,1,81.34,81.34,Tienda2
111,58,1,10.68,10.68,Tienda2
311,225,3,50.17,150.51,Tienda2
154,70,3,76.49,229.47,Tienda2
295,234,2,21.78,43.56,Tienda5
219,68,2,105.11,210.22,Tienda4
194,133,1,41.55,41.55,Tienda3
455,131,3,69.12,207.36,Tienda5
639,172,1,69.34,69.34,Tienda1
532,46,1,83.62,83.62,Tienda5
115,71,1,108.2,108.2,Tienda3
450,64,1,32.31,32.31,Tienda3
62,186,3,102.77,308.31,Tienda3
421,31,3,101.26,303.78,Tienda1
145,141,1,110.91,110.91,Tienda3
517,167,3,34.76,104.28,Tienda5
360,177,2,114.37,228.74,Tienda1
158,121,3,81.36,244.08,Tienda1
136,249,1,112.56,112.56,Tienda5
72,29,1,55.28,55.28,Tienda1
350,16,3,39.9,119.7,Tienda3
630,19,3,108.61,325.83,Tienda4
757,250,3,42.28,126.84,Tienda5
710,238,3,64.61,193.83,Tienda2
757,228,3,35.5,106.5,Tienda5
717,77,3,49.46,148.38,Tienda5
495,174,3,13.31,39.93,Tienda5
772,128,3,94.95,284.85,Tienda4
628,5,3,16.67,50.01,Tienda1
34,120,1,27.97,27.97,Tienda3
774,56,2,46.53,93.06,Tienda5
278,67,2,78.41,156.82,Tienda5
525,40,3,70.59,211.77,Tienda4
654,178,3,109.54,328.62,Tienda2
634,75,1,95.0,95.0,Tienda3
408,116,3,42.76,128.28,Tienda4
583,147,3,84.1,252.3,Tienda5
153,73,3,105.42,316.26,Tienda5
647,16,2,39.9,79.8,Tienda1
785,172,2,69.34,138.68,Tienda1
353,141,3,110.91,332.73,Tienda3
388,151,2,103.45,206.9,Tienda3
729,80,1,96.65,96.65,Tienda2
231,132,3,39.36,118.08,Tienda1
674,59,2,109.85,219.7,Tienda2
408,9,1,108.22,108.22,Tienda4
576,84,2,93.7,187.4,Tienda5
137,84,1,93.7,93.7,Tienda3
139,116,2,42.76,85.52,Tienda2
746,1,1,91.77,91.77,Tienda3
506,67,3,78.41,235.23,Tienda1
422,78,2,109.36,218.72,Tienda3
293,227,3,49.3,147.9,Tienda3
31,250,2,42.28,84.56,Tienda2
177,229,3,114.94,344.82,Tienda4
494,62,2,12.42,24.84,Tienda5
145,173,1,72.14,72.14,Tienda3
250,155,2,51.75,103.5,Tienda2
718,75,3,95.0,285.0,Tienda5
71,115,2,72.89,145.78,Tienda4
593,44,1,110.0,110.0,Tienda5
735,77,2,49.46,98.92,Tienda4
198,76,3,94.35,283.05,Tienda2
330,177,3,114.37,343.11,Tienda3
185,65,3,60.21,180.63,Tienda2
667,199,2,27.21,54.42,Tienda1
414,162,3,77.73,233.19,Tienda4
636,139,3,11.01,33.03,Tienda4
32,188,1,30.64,30.64,Tienda2
787,44,2,110.0,220.0,Tienda3
128,53,3,50.47,151.41,Tienda1
104,221,3,83.93,251.79,Tienda2
741,141,1,110.91,110.91,Tienda3
210,65,1,60.21,60.21,Tienda3
43,130,2,118.19,236.38,Tienda2
495,65,3,60.21,180.63,Tienda5
227,32,1,34.12,34.12,Tienda1
535,78,1,109.36,109.36,Tienda3
290,119,3,16.1,48.3,Tienda4
421,189,2,23.77,47.54,Tienda1
239,199,3,27.21,81.63,Tienda3
586,76,3,94.35,283.05,Tienda2
455,149,3,56.37,169.11,Tienda5
88,132,3,39.36,118.08,Tienda5
650,180,2,45.36,90.72,Tienda4
386,146,1,17.85,17.85,Tienda2
605,92,3,50.35,151.05,Tienda1
213,122,1,78.13,78.13,Tienda3
176,170,2,108.27,216.54,Tienda3
615,55,2,63.53,127.06,Tienda1
81,72,1,31.85,31.85,Tienda5
146,247,1,118.55,118.55,Tienda3
570,13,1,58.14,58.14,Tienda3
66,120,2,27.97,55.94,Tienda1
289,22,2,30.31,60.62,Tienda3
460,50,1,118.46,118.46,Tienda2
580,164,2,112.93,225.86,Tienda4
394,97,2,95.53,191.06,Tienda3
396,161,1,23.94,23.94,Tienda1
386,189,3,23.77,71.31,Tienda2
243,221,2,83.93,167.86,Tienda2
10,228,2,35.5,71.0,Tienda4
471,70,2,76.49,152.98,Tienda2
785,77,2,49.46,98.92,Tienda1
794,247,2,118.55,237.1,Tienda3
140,75,1,95.0,95.0,Tienda5
62,189,2,23.77,47.54,Tienda3
577,99,3,84.41,253.23,Tienda3
186,160,3,58.71,176.13,Tienda2
499,198,1,78.4,78.4,Tienda1
536,102,1,11.29,11.29,Tienda4
124,211,2,58.63,117.26,Tienda4
798,149,2,56.37,112.74,Tienda4
431,161,3,23.94,71.82,Tienda1
307,125,1,87.78,87.78,Tienda2
597,15,3,117.3,351.9,Tienda4
292,221,1,83.93,83.93,Tienda1
373,34,1,22.51,22.51,Tienda5
399,47,3,117.4,352.2,Tienda2
457,234,2,21.78,43.56,Tienda3
641,23,2,48.31,96.62,Tienda4
43,24,1,65.24,65.24,Tienda2
57,34,1,22.51,22.51,Tienda1
595,129,3,31.71,95.13,Tienda3
183,77,3,49.46,148.38,Tienda2
262,135,1,56.13,56.13,Tienda2
771,225,1,50.17,50.17,Tienda4
7,97,3,95.53,286.59,Tienda4
30,131,1,69.12,69.12,Tienda2
736,176,1,58.91,58.91,Tienda2
689,234,2,21.78,43.56,Tienda4
616,78,3,109.36,328.08,Tienda1
30,248,2,102.09,204.18,Tienda2
128,120,1,27.97,27.97,Tienda1
585,203,3,82.97,248.91,Tienda4
457,121,3,81.36,244.08,Tienda3
665,165,3,81.34,244.02,Tienda4
319,213,1,78.73,78.73,Tienda3
489,2,1,64.14,64.14,Tienda3
646,222,2,78.25,156.5,Tienda5
693,149,2,56.37,112.74,Tienda2
47,60,3,66.98,200.94,Tienda3
214,111,3,55.85,167.55,Tienda2
118,202,1,90.56,90.56,Tienda1
235,57,3,43.87,131.61,Tienda2
252,195,1,22.96,22.96,Tienda5
92,13,1,58.14,58.14,Tienda3
569,227,2,49.3,98.6,Tienda1
299,136,1,103.97,103.97,Tienda3
737,30,3,28.96,86.88,Tienda2
622,224,2,89.91,179.82,Tienda5
676,43,1,111.09,111.09,Tienda4
241,217,1,30.88,30.88,Tienda2
526,31,1,101.26,101.26,Tienda2
679,235,1,25.35,25.35,Tienda3
417,7,2,32.14,64.28,Tienda5
653,158,2,12.01,24.02,Tienda5
452,202,3,90.56,271.68,Tienda5
749,55,3,63.53,190.59,Tienda3
202,59,1,109.85,109.85,Tienda2
71,200,3,90.44,271.32,Tienda4
443,90,1,97.6,97.6,Tienda1
699,108,3,80.1,240.3,Tienda4
570,171,2,87.47,174.94,Tienda3
670,96,3,69.69,209.07,Tienda3
645,91,2,60.2,120.4,Tienda1
657,93,3,93.9,281.7,Tienda4
219,13,3,58.14,174.42,Tienda4
687,172,1,69.34,69.34,Tienda5
369,221,2,83.93,167.86,Tienda3
115,167,2,34.76,69.52,Tienda3
748,222,2,78.25,156.5,Tienda2
245,188,1,30.64,30.64,Tienda2
748,32,2,34.12,68.24,Tienda2
452,97,1,95.53,95.53,Tienda5
636,18,1,47.85,47.85,Tienda4
384,113,3,96.13,288.39,Tienda5
453,155,1,51.75,51.75,Tienda5
80,22,1,30.31,30.31,Tienda4
16,211,1,58.63,58.63,Tienda3
168,17,1,92.89,92.89,Tienda2
154,63,1,27.49,27.49,Tienda2
709,20,2,15.88,31.76,Tienda4
431,243,3,108.2,324.6,Tienda1
620,97,1,95.53,95.53,Tienda1
492,43,1,111.09,111.09,Tienda1
533,154,1,29.63,29.63,Tienda4
567,171,3,87.47,262.41,Tienda5
450,209,3,113.25,339.75,Tienda3
167,152,1,34.6,34.6,Tienda2
796,34,2,22.51,45.02,Tienda2
71,89,3,45.96,137.88,Tienda4
240,67,1,78.41,78.41,Tienda5
614,235,3,25.35,76.05,Tienda5
226,123,3,64.72,194.16,Tienda3
169,55,3,63.53,190.59,Tienda4
741,154,2,29.63,59.26,Tienda3
341,153,3,119.44,358.32,Tienda2
569,40,2,70.59,141.18,Tienda1
696,160,2,58.71,117.42,Tienda4
256,222,2,78.25,156.5,Tienda5
553,131,3,69.12,207.36,Tienda4
155,222,3,78.25,234.75,Tienda2
71,92,2,50.35,100.7,Tienda4
735,141,2,110.91,221.82,Tienda4
205,76,3,94.35,283.05,Tienda3
452,72,3,31.85,95.55,Tienda5
413,53,3,50.47,151.41,Tienda1
344,24,3,65.24,195.72,Tienda2
724,64,3,32.31,96.93,Tienda5
396,72,3,31.85,95.55,Tienda1
104,139,3,11.01,33.03,Tienda2
216,26,2,114.88,229.76,Tienda5
200,81,1,114.86,114.86,Tienda2
370,79,3,74.6,223.8,Tienda1
259,59,3,109.85,329.55,Tienda1
26,163,3,14.82,44.46,Tienda1
639,227,3,49.3,147.9,Tienda1
266,126,3,65.39,196.17,Tienda5
124,97,3,95.53,286.59,Tienda4
511,149,2,56.37,112.74,Tienda1
534,53,2,50.47,100.94,Tienda2
243,20,3,15.88,47.64,Tienda2
158,197,2,94.42,188.84,Tienda1
341,56,2,46.53,93.06,Tienda2
261,156,3,114.69,344.07,Tienda3
200,130,1,118.19,118.19,Tienda2
712,71,2,108.2,216.4,Tienda4
303,46,3,83.62,250.86,Tienda4
664,24,1,65.24,65.24,Tienda4
657,35,2,44.7,89.4,Tienda4
273,63,3,27.49,82.47,Tienda2
585,80,2,96.65,193.3,Tienda4
570,191,2,106.88,213.76,Tienda3
604,128,1,94.95,94.95,Tienda4
189,77,3,49.46,148.38,Tienda1
761,214,3,102.6,307.8,Tienda4
62,74,2,55.56,111.12,Tienda3
169,243,2,108.2,216.4,Tienda4
460,221,2,83.93,167.86,Tienda2
184,232,2,96.15,192.3,Tienda1
597,105,3,68.99,206.97,Tienda4
513,138,3,24.81,74.43,Tienda2
170,78,1,109.36,109.36,Tienda2
495,248,1,102.09,102.09,Tienda5
708,154,2,29.63,59.26,Tienda2
525,41,1,101.89,101.89,Tienda4
352,103,3,107.23,321.69,Tienda1
184,90,1,97.6,97.6,Tienda1
777,121,3,81.36,244.08,Tienda3
68,41,1,101.89,101.89,Tienda5
769,131,1,69.12,69.12,Tienda3
208,17,3,92.89,278.67,Tienda4
651,133,3,41.55,124.65,Tienda5
147,66,1,73.65,73.65,Tienda2
226,10,3,67.7,203.1,Tienda3
573,229,3,114.94,344.82,Tienda4
279,81,2,114.86,229.72,Tienda4
14,195,3,22.96,68.88,Tienda4
333,90,3,97.6,292.8,Tienda3
369,168,3,73.6,220.8,Tienda3
138,80,1,96.65,96.65,Tienda3
410,16,3,39.9,119.7,Tienda4
165,168,2,73.6,147.2,Tienda3
253,140,1,73.9,73.9,Tienda5
459,153,3,119.44,358.32,Tienda5
399,93,2,93.9,187.8,Tienda2
246,18,1,47.85,47.85,Tienda4
550,127,2,77.73,155.46,Tienda4
115,230,3,117.02,351.06,Tienda3
163,182,2,78.65,157.3,Tienda5
600,148,3,44.83,134.49,Tienda1
138,162,2,77.73,155.46,Tienda3
739,143,3,29.12,87.36,Tienda1
562,103,1,107.23,107.23,Tienda5
103,81,1,114.86,114.86,Tienda2
465,140,2,73.9,147.8,Tienda4
740,210,3,61.31,183.93,Tienda3
691,123,1,64.72,64.72,Tienda1
201,40,2,70.59,141.18,Tienda4
252,74,3,55.56,166.68,Tienda5
5,236,2,38.35,76.7,Tienda1
552,172,2,69.34,138.68,Tienda3
263,21,3,93.95,281.85,Tienda2
309,188,2,30.64,61.28,Tienda4
142,55,1,63.53,63.53,Tienda3
617,24,2,65.24,130.48,Tienda2
517,122,3,78.13,234.39,Tienda5
622,158,3,12.01,36.03,Tienda5
465,250,1,42.28,42.28,Tienda4
615,48,1,16.66,16.66,Tienda1
72,193,3,18.33,54.99,Tienda1
401,161,2,23.94,47.88,Tienda1
765,41,3,101.89,305.67,Tienda3
505,1,2,91.77,183.54,Tienda3
388,213,2,78.73,157.46,Tienda3
616,123,1,64.72,64.72,Tienda1
305,64,2,32.31,64.62,Tienda4
248,233,3,108.58,325.74,Tienda1
477,146,1,17.85,17.85,Tienda5
503,190,1,85.51,85.51,Tienda2
652,157,1,93.07,93.07,Tienda1
744,82,2,87.14,174.28,Tienda2
453,17,1,92.89,92.89,Tienda5
278,73,1,105.42,105.42,Tienda5
647,222,1,78.25,78.25,Tienda1
135,139,3,11.01,33.03,Tienda1
117,162,2,77.73,155.46,Tienda2
451,8,3,55.66,166.98,Tienda1
97,92,2,50.35,100.7,Tienda3
88,213,1,78.73,78.73,Tienda5
72,221,2,83.93,167.86,Tienda1
582,50,3,118.46,355.38,Tienda3
751,87,2,92.32,184.64,Tienda4
510,123,3,64.72,194.16,Tienda5
466,187,2,43.53,87.06,Tienda2
485,236,3,38.35,115.05,Tienda5
312,211,2,58.63,117.26,Tienda5
442,63,2,27.49,54.98,Tienda3
163,141,3,110.91,332.73,Tienda5
751,171,3,87.47,262.41,Tienda4
196,208,2,70.5,141.0,Tienda4
266,35,1,44.7,44.7,Tienda5
522,204,3,98.03,294.09,Tienda3
704,167,3,34.76,104.28,Tienda1
408,223,2,32.8,65.6,Tienda4
49,125,1,87.78,87.78,Tienda4
333,171,2,87.47,174.94,Tienda3
493,244,1,117.1,117.1,Tienda5
530,189,2,23.77,47.54,Tienda5
345,161,2,23.94,47.88,Tienda5
1,158,3,12.01,36.03,Tienda2
314,195,2,22.96,45.92,Tienda4
305,120,2,27.97,55.94,Tienda4
172,63,3,27.49,82.47,Tienda4
258,8,3,55.66,166.98,Tienda5
543,146,1,17.85,17.85,Tienda5
703,55,3,63.53,190.59,Tienda3
601,9,2,108.22,216.44,Tienda4
58,176,3,58.91,176.73,Tienda2
567,5,2,16.67,33.34,Tienda5
245,149,3,56.37,169.11,Tienda2
401,125,3,87.78,263.34,Tienda1
564,237,3,95.53,286.59,Tienda4
360,167,3,34.76,104.28,Tienda1
109,203,1,82.97,82.97,Tienda4
609,102,1,11.29,11.29,Tienda1
287,220,1,28.39,28.39,Tienda3
24,138,2,24.81,49.62,Tienda1
585,82,2,87.14,174.28,Tienda4
77,178,1,109.54,109.54,Tienda4
668,52,2,88.55,177.1,Tienda1
553,228,3,35.5,106.5,Tienda4
225,1,1,91.77,91.77,Tienda5
583,39,2,46.65,93.3,Tienda5
528,17,3,92.89,278.67,Tienda2
300,122,2,78.13,156.26,Tienda3
725,172,3,69.34,208.02,Tienda3
394,88,1,111.51,111.51,Tienda3
357,190,1,85.51,85.51,Tienda1
373,78,2,109.36,218.72,Tienda5
18,171,2,87.47,174.94,Tienda4
130,34,1,22.51,22.51,Tienda3
163,48,2,16.66,33.32,Tienda5
448,127,2,77.73,155.46,Tienda1
550,238,3,64.61,193.83,Tienda4
471,16,2,39.9,79.8,Tienda2
789,182,3,78.65,235.95,Tienda1
608,233,1,108.58,108.58,Tienda3
460,103,1,107.23,107.23,Tienda2
298,73,2,105.42,210.84,Tienda4
86,215,3,28.69,86.07,Tienda1
124,9,2,108.22,216.44,Tienda4
785,246,3,80.83,242.49,Tienda1
24,21,2,93.95,187.9,Tienda1
310,188,3,30.64,91.92,Tienda5
175,185,1,20.57,20.57,Tienda2
735,132,1,39.36,39.36,Tienda4
112,99,3,84.41,253.23,Tienda5
484,87,1,92.32,92.32,Tienda5
640,144,1,65.84,65.84,Tienda2
501,45,2,25.28,50.56,Tienda2
297,177,3,114.37,343.11,Tienda5
205,219,3,23.72,71.16,Tienda3
555,156,3,114.69,344.07,Tienda3
500,40,2,70.59,141.18,Tienda5
398,123,1,64.72,64.72,Tienda3
720,54,1,66.24,66.24,Tienda3
545,185,1,20.57,20.57,Tienda3
285,153,3,119.44,358.32,Tienda4
794,205,2,101.39,202.78,Tienda3
190,63,3,27.49,82.47,Tienda5
145,235,1,25.35,25.35,Tienda3
525,166,3,113.54,340.62,Tienda4
327,182,1,78.65,78.65,Tienda2
631,231,1,59.23,59.23,Tienda4
483,53,1,50.47,50.47,Tienda3
251,72,1,31.85,31.85,Tienda1
81,187,2,43.53,87.06,Tienda5
577,114,2,99.33,198.66,Tienda3
334,17,2,92.89,185.78,Tienda1
568,234,1,21.78,21.78,Tienda4
342,71,1,108.2,108.2,Tienda5
800,164,3,112.93,338.79,Tienda2
623,139,1,11.01,11.01,Tienda2
246,6,3,11.0,33.0,Tienda4
162,61,2,114.52,229.04,Tienda4
697,196,3,117.49,352.47,Tienda4
772,224,3,89.91,269.73,Tienda4
106,159,2,88.74,177.48,Tienda5
138,204,3,98.03,294.09,Tienda3
594,207,2,60.98,121.96,Tienda3
10,55,3,63.53,190.59,Tienda4
761,142,3,118.79,356.37,Tienda4
758,113,3,96.13,288.39,Tienda5
31,110,1,116.49,116.49,Tienda2
251,141,1,110.91,110.91,Tienda1
610,29,3,55.28,165.84,Tienda4
283,117,2,59.38,118.76,Tienda3
391,28,2,43.33,86.66,Tienda4
56,39,1,46.65,46.65,Tienda4
548,97,3,95.53,286.59,Tienda4
415,81,2,114.86,229.72,Tienda5
36,148,2,44.83,89.66,Tienda1
252,124,1,104.5,104.5,Tienda5
210,15,1,117.3,117.3,Tienda3
92,250,3,42.28,126.84,Tienda3
403,39,3,46.65,139.95,Tienda3
437,171,3,87.47,262.41,Tienda3
356,152,1,34.6,34.6,Tienda5
776,34,3,22.51,67.53,Tienda3
251,110,2,116.49,232.98,Tienda1
330,154,1,29.63,29.63,Tienda3
173,225,3,50.17,150.51,Tienda2
139,67,2,78.41,156.82,Tienda2
522,246,3,80.83,242.49,Tienda3
373,17,3,92.89,278.67,Tienda5
717,203,2,82.97,165.94,Tienda5
2,5,3,16.67,50.01,Tienda3
255,181,3,60.86,182.58,Tienda5
24,168,1,73.6,73.6,Tienda1
540,129,1,31.71,31.71,Tienda3
475,139,1,11.01,11.01,Tienda3
100,10,3,67.7,203.1,Tienda5
347,103,3,107.23,321.69,Tienda4
175,192,3,71.05,213.15,Tienda2
87,24,2,65.24,130.48,Tienda1
338,57,2,43.87,87.74,Tienda4
479,177,2,114.37,228.74,Tienda5
765,6,2,11.0,22.0,Tienda3
84,246,3,80.83,242.49,Tienda5
27,193,1,18.33,18.33,Tienda4
31,28,1,43.33,43.33,Tienda2
796,100,1,98.58,98.58,Tienda2
534,24,2,65.24,130.48,Tienda2
727,150,2,23.93,47.86,Tienda5
282,182,1,78.65,78.65,Tienda4
88,210,3,61.31,183.93,Tienda5
752,13,1,58.14,58.14,Tienda2
422,169,1,60.2,60.2,Tienda3
562,108,1,80.1,80.1,Tienda5
395,44,2,110.0,220.0,Tienda5
625,11,1,19.24,19.24,Tienda5
588,180,3,45.36,136.08,Tienda3
294,50,2,118.46,236.92,Tienda2
681,32,3,34.12,102.36,Tienda1
478,132,2,39.36,78.72,Tienda3
646,159,2,88.74,177.48,Tienda5
300,143,2,29.12,58.24,Tienda3
735,247,3,118.55,355.65,Tienda4
695,228,2,35.5,71.0,Tienda5
549,217,2,30.88,61.76,Tienda1
530,200,3,90.44,271.32,Tienda5
120,210,2,61.31,122.62,Tienda1
769,13,3,58.14,174.42,Tienda3
278,225,1,50.17,50.17,Tienda5
609,132,2,39.36,78.72,Tienda1
222,181,3,60.86,182.58,Tienda2
480,113,2,96.13,192.26,Tienda3
272,1,2,91.77,183.54,Tienda3
479,133,1,41.55,41.55,Tienda5
52,250,1,42.28,42.28,Tienda4
420,68,2,105.11,210.22,Tienda2
379,67,3,78.41,235.23,Tienda3
121,225,3,50.17,150.51,Tienda2
303,134,2,105.72,211.44,Tienda4
347,22,1,30.31,30.31,Tienda4
574,130,2,118.19,236.38,Tienda3
755,17,3,92.89,278.67,Tienda2
195,214,1,102.6,102.6,Tienda1
465,223,1,32.8,32.8,Tienda4
610,150,3,23.93,71.79,Tienda4
142,39,1,46.65,46.65,Tienda3
300,55,1,63.53,63.53,Tienda3
767,13,2,58.14,116.28,Tienda3
211,223,1,32.8,32.8,Tienda5
278,204,2,98.03,196.06,Tienda5
343,18,1,47.85,47.85,Tienda3
200,2,1,64.14,64.14,Tienda2
522,135,3,56.13,168.39,Tienda3
461,176,2,58.91,117.82,Tienda5
678,244,1,117.1,117.1,Tienda3
617,163,3,14.82,44.46,Tienda2
452,32,3,34.12,102.36,Tienda5
545,191,2,106.88,213.76,Tienda3
13,122,2,78.13,156.26,Tienda5
27,55,1,63.53,63.53,Tienda4
490,245,2,117.42,234.84,Tienda2
386,104,2,84.57,169.14,Tienda2
305,15,3,117.3,351.9,Tienda4
702,201,3,88.5,265.5,Tienda5
97,31,3,101.26,303.78,Tienda3
523,92,1,50.35,50.35,Tienda1
640,150,3,23.93,71.79,Tienda2
689,84,2,93.7,187.4,Tienda4
702,28,1,43.33,43.33,Tienda5
480,70,3,76.49,229.47,Tienda3
206,6,3,11.0,33.0,Tienda2
645,94,1,50.68,50.68,Tienda1
406,40,1,70.59,70.59,Tienda2
705,202,2,90.56,181.12,Tienda5
771,158,2,12.01,24.02,Tienda4
453,159,3,88.74,266.22,Tienda5
684,1,3,91.77,275.31,Tienda1
12,170,3,108.27,324.81,Tienda5
19,42,3,78.81,236.43,Tienda5
394,49,3,74.65,223.95,Tienda3
669,24,2,65.24,130.48,Tienda2
231,168,1,73.6,73.6,Tienda1
254,23,2,48.31,96.62,Tienda2
80,66,2,73.65,147.3,Tienda4
612,211,1,58.63,58.63,Tienda1
493,101,3,72.2,216.6,Tienda5
304,72,1,31.85,31.85,Tienda1
324,57,3,43.87,131.61,Tienda1
794,140,3,73.9,221.7,Tienda3
82,22,1,30.31,30.31,Tienda5
585,174,2,13.31,26.62,Tienda4
495,116,3,42.76,128.28,Tienda5
238,57,3,43.87,131.61,Tienda5
673,230,2,117.02,234.04,Tienda2
222,176,2,58.91,117.82,Tienda2
212,217,2,30.88,61.76,Tienda3
525,37,2,78.65,157.3,Tienda4
137,92,2,50.35,100.7,Tienda3
696,164,1,112.93,112.93,Tienda4
401,157,2,93.07,186.14,Tienda1
530,149,2,56.37,112.74,Tienda5
617,224,3,89.91,269.73,Tienda2
667,190,2,85.51,171.02,Tienda1
605,29,3,55.28,165.84,Tienda1
489,3,1,104.2,104.2,Tienda3
348,47,2,117.4,234.8,Tienda2
71,211,3,58.63,175.89,Tienda4
270,51,2,40.85,81.7,Tienda3
623,63,2,27.49,54.98,Tienda2
186,148,3,44.83,134.49,Tienda2
93,75,1,95.0,95.0,Tienda5
741,32,2,34.12,68.24,Tienda3
532,32,1,34.12,34.12,Tienda5
703,161,1,23.94,23.94,Tienda3
631,235,1,25.35,25.35,Tienda4
294,16,3,39.9,119.7,Tienda2
340,54,2,66.24,132.48,Tienda3
506,2,1,64.14,64.14,Tienda1
610,68,1,105.11,105.11,Tienda4
425,25,1,112.44,112.44,Tienda3
506,72,3,31.85,95.55,Tienda1
777,104,2,84.57,169.14,Tienda3
747,174,1,13.31,13.31,Tienda2
444,208,1,70.5,70.5,Tienda1
547,249,1,112.56,112.56,Tienda5
104,160,1,58.71,58.71,Tienda2
54,228,2,35.5,71.0,Tienda2
43,76,1,94.35,94.35,Tienda2
